10001~Jasma~Rasco~475~555-6972~Rasco.Jasma-dl@yahoo.com
10002~Catriona~Nickelson~270~555-6157~Nickelson.Catriona-noon@hotmail.com
10003~Yaritza~Windsor~869~555-4989~Windsor.Yaritza-dutch@outlook.com
10004~Denielle~Resto~306~555-5763~Resto.Denielle-let@hotmail.com
10005~Daya~Shafer~772~555-5354~Shafer.Daya-orgy@icloud.com
10006~Nainoa~Ankney~672~555-6676~Ankney.Nainoa-refund@icloud.com
10007~Philippe~Chapple~659~555-5700~Chapple.Philippe-gods@yahoo.com
10008~Portia~Bundy~321~555-6581~Bundy.Portia-dynamics@icloud.com
10009~Essica~Rupe~931~555-1389~Rupe.Essica-requested@gmail.com
10010~Reneisha~Munger~929~555-1527~Munger.Reneisha-las@yahoo.com
10011~Shekima~Conley~473~555-6232~Conley.Shekima-breeding@hotmail.com
10012~Nhut~Ormsby~704~555-0484~Ormsby.Nhut-madison@gmail.com
10013~Lacrisha~Goodlett~902~555-8133~Goodlett.Lacrisha-consulting@icloud.com
10014~Jamila~Oestreich~320~555-1220~Oestreich.Jamila-prizes@icloud.com
10015~Jameil~Grubbs~315~555-2174~Grubbs.Jameil-throat@yahoo.com
10016~Christella~Eagan~828~555-5055~Eagan.Christella-existing@yahoo.com
10017~Temia~Gaynor~826~555-8030~Gaynor.Temia-automation@outlook.com
10018~Kiera~Bellamy~289~555-7578~Bellamy.Kiera-anna@hotmail.com
10019~Kisa~Barbieri~876~555-9288~Barbieri.Kisa-almost@yahoo.com
10020~Brihany~Strang~508~555-7155~Strang.Brihany-read@yahoo.com
10021~Joselin~Staton~952~555-1095~Staton.Joselin-age@icloud.com
10022~Kadeidra~Losey~249~555-9934~Losey.Kadeidra-excessive@outlook.com
10023~Kalvin~Calton~423~555-2346~Calton.Kalvin-suitable@yahoo.com
10024~Rosella~Bogdan~639~555-3966~Bogdan.Rosella-neo@outlook.com
10025~Halsey~Seibel~603~555-7553~Seibel.Halsey-seafood@icloud.com
10026~Emmily~Nickerson~573~555-3660~Nickerson.Emmily-dirt@yahoo.com
10027~Marianna~Heyer~939~555-8521~Heyer.Marianna-combo@yahoo.com
10028~Luanne~Grill~405~555-0804~Grill.Luanne-wanted@gmail.com
10029~Ronnel~Anton~845~555-0836~Anton.Ronnel-struggle@yahoo.com
10030~Darchelle~Longley~839~555-3170~Longley.Darchelle-prove@hotmail.com
10031~Gladimir~Purser~360~555-0707~Purser.Gladimir-transit@yahoo.com
10032~Demeka~Camp~609~555-3927~Camp.Demeka-janet@yahoo.com
10033~Bejamin~Worsham~321~555-6581~Worsham.Bejamin-representative@hotmail.com
10034~Sheela~Franzen~270~555-8764~Franzen.Sheela-study@hotmail.com
10035~Yaneth~Napoli~747~555-0165~Napoli.Yaneth-volleyball@gmail.com
10036~Judi~Mathewson~781~555-4964~Mathewson.Judi-alice@outlook.com
10037~Jubilee~Worrell~303~555-0790~Worrell.Jubilee-attend@gmail.com
10038~Patria~Tracy~225~555-4520~Tracy.Patria-cbs@outlook.com
10039~Lovely~Byrd~757~555-5154~Byrd.Lovely-thin@yahoo.com
10040~Brittanny~Hollifield~352~555-7210~Hollifield.Brittanny-intellectual@outlook.com
10041~Rober~Bode~838~555-6803~Bode.Rober-wells@outlook.com
10042~Cian~Preciado~664~555-8395~Preciado.Cian-niagara@icloud.com
10043~Nessie~Kang~843~555-6033~Kang.Nessie-disagree@yahoo.com
10044~Candie~Haga~807~555-8515~Haga.Candie-donna@outlook.com
10045~Christey~Null~326~555-8227~Null.Christey-finances@hotmail.com
10046~Dewaun~Fullmer~845~555-9071~Fullmer.Dewaun-scotland@outlook.com
10047~Rainbow~Dooley~903~555-6248~Dooley.Rainbow-columbus@hotmail.com
10048~Rayshawn~Barkley~474~555-7162~Barkley.Rayshawn-parental@yahoo.com
10049~Cressie~Mccown~215~555-1604~Mccown.Cressie-cosmetic@yahoo.com
10050~Zanetta~Harkless~845~555-9642~Harkless.Zanetta-plays@yahoo.com
10051~Taryne~Sandell~351~555-6634~Sandell.Taryne-reaches@gmail.com
10052~Kent~Bourdon~985~555-8259~Bourdon.Kent-consortium@icloud.com
10053~Tocara~Wilborn~246~555-0233~Wilborn.Tocara-travelling@gmail.com
10054~Efrain~Lavigne~472~555-5785~Lavigne.Efrain-received@hotmail.com
10055~Emilene~Grafton~434~555-7517~Grafton.Emilene-kim@yahoo.com
10056~Favio~Back~856~555-9948~Back.Favio-breathing@gmail.com
10057~Teshia~Esquibel~205~555-2667~Esquibel.Teshia-appearing@hotmail.com
10058~Tres~Roop~907~555-8780~Roop.Tres-distinguished@icloud.com
10059~Arrin~Casto~839~555-3170~Casto.Arrin-malaysia@hotmail.com
10060~Nkauj~Binion~442~555-0946~Binion.Nkauj-accomplish@outlook.com
10061~Sebrina~Strong~820~555-8338~Strong.Sebrina-done@outlook.com
10062~Kamaal~Boydston~806~555-3479~Boydston.Kamaal-specifically@yahoo.com
10063~Kyna~Zhu~856~555-9948~Zhu.Kyna-accepted@gmail.com
10064~Bridger~Bohn~972~555-5014~Bohn.Bridger-states@outlook.com
10065~Donnica~Provencher~418~555-0280~Provencher.Donnica-ent@gmail.com
10066~Albin~Bramblett~826~555-2010~Bramblett.Albin-xanax@yahoo.com
10067~Fraida~Eide~579~555-4156~Eide.Fraida-communication@gmail.com
10068~Nelvin~Englert~447~555-3650~Englert.Nelvin-compression@hotmail.com
10069~Lirio~Boulton~845~555-0836~Boulton.Lirio-food@yahoo.com
10070~Keonte~Granata~615~555-6294~Granata.Keonte-reflect@gmail.com
10071~Sejal~Egger~617~555-4583~Egger.Sejal-center@yahoo.com
10072~Cartez~Pinard~320~555-0749~Pinard.Cartez-dts@icloud.com
10073~Marye~Whitehouse~253~555-1147~Whitehouse.Marye-correspondence@yahoo.com
10074~Kandace~Naber~443~555-1852~Naber.Kandace-dt@gmail.com
10075~Sachin~Carollo~571~555-2006~Carollo.Sachin-daily@icloud.com
10076~Shenise~Bedolla~513~555-2893~Bedolla.Shenise-pizza@hotmail.com
10077~Kyisha~Barb~650~555-4868~Barb.Kyisha-full@icloud.com
10078~Sachiko~Sutter~361~555-1561~Sutter.Sachiko-inbox@gmail.com
10079~Jemarcus~Heatherly~724~555-5618~Heatherly.Jemarcus-manufacturing@outlook.com
10080~Chukwuma~Winston~725~555-6061~Winston.Chukwuma-fame@outlook.com
10081~Leron~Sun~249~555-7383~Sun.Leron-obviously@yahoo.com
10082~Deane~Engelhardt~629~555-3496~Engelhardt.Deane-tt@icloud.com
10083~Tiffini~Knuth~317~555-3227~Knuth.Tiffini-merely@yahoo.com
10084~Jontel~Flanagan~402~555-4481~Flanagan.Jontel-fl@gmail.com
10085~Isaura~Judd~845~555-9642~Judd.Isaura-intensive@hotmail.com
10086~Datron~Nicks~448~555-3211~Nicks.Datron-oops@outlook.com
10087~Amna~Haworth~659~555-5700~Haworth.Amna-sapphire@outlook.com
10088~Ammy~Saucedo~971~555-1062~Saucedo.Ammy-feet@icloud.com
10089~Ryen~Garver~234~555-6981~Garver.Ryen-glen@hotmail.com
10090~Ugo~Gowan~352~555-4259~Gowan.Ugo-likelihood@yahoo.com
10091~Verlinda~Molnar~925~555-8025~Molnar.Verlinda-oval@icloud.com
10092~Earnestine~Eklund~469~555-0065~Eklund.Earnestine-variance@hotmail.com
10093~Adley~Castleman~236~555-8505~Castleman.Adley-competitors@icloud.com
10094~Kenta~Rolen~264~555-9500~Rolen.Kenta-large@hotmail.com
10095~Adeana~Amundson~513~555-4882~Amundson.Adeana-opposed@yahoo.com
10096~Ian~Langhorne~732~555-0514~Langhorne.Ian-careful@hotmail.com
10097~Daley~Monaco~225~555-4520~Monaco.Daley-drum@gmail.com
10098~Kalin~Pick~807~555-4957~Pick.Kalin-strengthen@gmail.com
10099~Willem~Slayden~829~555-1932~Slayden.Willem-binary@gmail.com
10100~Caleigh~Nock~867~555-3819~Nock.Caleigh-midnight@outlook.com
10101~Dmitri~Bumgardner~918~555-9363~Bumgardner.Dmitri-welfare@outlook.com
10102~Marin~Cavalier~331~555-2516~Cavalier.Marin-consolidation@hotmail.com
10103~Pattie~Deskins~727~555-4322~Deskins.Pattie-antenna@icloud.com
10104~Javonda~Konopka~347~555-1065~Konopka.Javonda-justice@icloud.com
10105~Kemeshia~Sandidge~727~555-4322~Sandidge.Kemeshia-voters@outlook.com
10106~Nura~Rawlings~289~555-3749~Rawlings.Nura-analytical@gmail.com
10107~Romar~Leach~810~555-5137~Leach.Romar-driver@icloud.com
10108~Shaindel~Galasso~782~555-4610~Galasso.Shaindel-hint@yahoo.com
10109~Damara~Haslett~440~555-0724~Haslett.Damara-beliefs@gmail.com
10110~Daymond~Hayne~985~555-8259~Hayne.Daymond-risks@gmail.com
10111~Rahul~Gardener~724~555-5618~Gardener.Rahul-distance@outlook.com
10112~Helana~Taylor~207~555-3697~Taylor.Helana-charlie@gmail.com
10113~Maranda~Ricciardi~405~555-7777~Ricciardi.Maranda-strike@icloud.com
10114~Joclyn~Magallon~434~555-7517~Magallon.Joclyn-actors@yahoo.com
10115~Alireza~Koster~856~555-9948~Koster.Alireza-bristol@outlook.com
10116~Jovanna~Hanna~843~555-7047~Hanna.Jovanna-animation@yahoo.com
10117~Jamel~Harger~930~555-0430~Harger.Jamel-modems@icloud.com
10118~Elin~Wilkin~336~555-1930~Wilkin.Elin-affairs@yahoo.com
10119~Macrina~Buxton~450~555-8884~Buxton.Macrina-networking@gmail.com
10120~Rashod~Cortes~815~555-5270~Cortes.Rashod-nobody@yahoo.com
10121~Mariann~Overbey~361~555-1561~Overbey.Mariann-wired@yahoo.com
10122~Aisa~Moncada~431~555-0387~Moncada.Aisa-outdoor@gmail.com
10123~Bradon~Lawless~403~555-0631~Lawless.Bradon-companion@outlook.com
10124~Morgana~Rios~626~555-9252~Rios.Morgana-float@icloud.com
10125~Annica~Cabell~573~555-7823~Cabell.Annica-ati@icloud.com
10126~Jacolby~Bollinger~839~555-3170~Bollinger.Jacolby-dt@hotmail.com
10127~Tyffani~Montoya~403~555-7317~Montoya.Tyffani-word@icloud.com
10128~Glenny~Borel~848~555-6804~Borel.Glenny-hub@gmail.com
10129~Lashanda~Reider~725~555-7285~Reider.Lashanda-population@gmail.com
10130~Thaer~Harper~918~555-9363~Harper.Thaer-problems@outlook.com
10131~Josey~Billy~849~555-1468~Billy.Josey-academy@yahoo.com
10132~Isacc~Hight~315~555-2174~Hight.Isacc-drinks@hotmail.com
10133~Jonerik~Engles~478~555-5442~Engles.Jonerik-dealer@yahoo.com
10134~Rory~Kling~737~555-9710~Kling.Rory-hunting@hotmail.com
10135~Lofton~Ingraham~813~555-3288~Ingraham.Lofton-claimed@yahoo.com
10136~Tranell~Azar~424~555-2041~Azar.Tranell-filename@hotmail.com
10137~Donyetta~Stovall~814~555-1581~Stovall.Donyetta-trio@icloud.com
10138~Anjulie~Grantham~254~555-8633~Grantham.Anjulie-dot@outlook.com
10139~Roscoe~Draughn~936~555-5479~Draughn.Roscoe-spyware@icloud.com
10140~Antavius~Lueck~418~555-8543~Lueck.Antavius-universities@icloud.com
10141~Cathlin~Tom~606~555-5369~Tom.Cathlin-mf@hotmail.com
10142~Mateo~Lachance~570~555-4819~Lachance.Mateo-learners@icloud.com
10143~Makeba~Selvidge~862~555-4240~Selvidge.Makeba-yard@hotmail.com
10144~Dionta~Hering~832~555-1309~Hering.Dionta-clark@yahoo.com
10145~Mao~Clukey~513~555-2893~Clukey.Mao-pace@yahoo.com
10146~Garold~Huang~347~555-1065~Huang.Garold-theaters@icloud.com
10147~Genisha~Baysinger~563~555-2542~Baysinger.Genisha-fold@yahoo.com
10148~Zubin~Bolles~984~555-4930~Bolles.Zubin-thehun@gmail.com
10149~Kate~Breland~704~555-0166~Breland.Kate-appliances@hotmail.com
10150~Calyn~Height~513~555-4882~Height.Calyn-strategic@yahoo.com
10151~Rhianon~Cline~839~555-4409~Cline.Rhianon-tcp@icloud.com
10152~Kalena~Ham~415~555-1859~Ham.Kalena-thee@icloud.com
10153~Rigo~Bonneau~620~555-6186~Bonneau.Rigo-js@hotmail.com
10154~Tramane~Posner~475~555-6477~Posner.Tramane-discounted@hotmail.com
10155~Prentis~Paiva~786~555-1836~Paiva.Prentis-dollars@gmail.com
10156~Ikea~Jarboe~424~555-0484~Jarboe.Ikea-amend@gmail.com
10157~Alexandre~Woodworth~754~555-7168~Woodworth.Alexandre-priorities@icloud.com
10158~Raymond~Krauss~310~555-8081~Krauss.Raymond-planets@yahoo.com
10159~Sauel~Wrigley~505~555-2963~Wrigley.Sauel-lease@hotmail.com
10160~Kiandra~Trimm~219~555-1375~Trimm.Kiandra-specialty@icloud.com
10161~Higinio~Clontz~765~555-5923~Clontz.Higinio-qc@gmail.com
10162~Charlotta~Deegan~683~555-5789~Deegan.Charlotta-eg@outlook.com
10163~Gisel~Haddad~212~555-0532~Haddad.Gisel-rack@gmail.com
10164~Dezman~Scanlon~763~555-9787~Scanlon.Dezman-printers@yahoo.com
10165~Fraida~Karpinski~867~555-8412~Karpinski.Fraida-carefully@gmail.com
10166~Athena~Borkholder~618~555-6227~Borkholder.Athena-troubleshooting@icloud.com
10167~Zeena~Puga~727~555-8906~Puga.Zeena-runs@outlook.com
10168~Keziah~Dodge~510~555-9592~Dodge.Keziah-texture@gmail.com
10169~Jerick~Shaner~806~555-5998~Shaner.Jerick-guatemala@hotmail.com
10170~Tamarcus~Caskey~472~555-9407~Caskey.Tamarcus-balanced@gmail.com
10171~Bryony~Lindeman~270~555-8764~Lindeman.Bryony-so@icloud.com
10172~Terril~Liddle~214~555-7502~Liddle.Terril-newport@yahoo.com
10173~Colan~Luft~858~555-1748~Luft.Colan-flux@gmail.com
10174~Billy~Bostick~516~555-2613~Bostick.Billy-vision@hotmail.com
10175~Garnett~Linden~284~555-9260~Linden.Garnett-titten@hotmail.com
10176~Lavale~Macaulay~612~555-5196~Macaulay.Lavale-defines@gmail.com
10177~Nour~Duron~251~555-1913~Duron.Nour-measures@hotmail.com
10178~Faige~Templeton~930~555-9059~Templeton.Faige-suitable@yahoo.com
10179~Jahmil~Mccall~718~555-7400~Mccall.Jahmil-italic@outlook.com
10180~Vernell~Gammons~772~555-8045~Gammons.Vernell-bandwidth@outlook.com
10181~Samiyah~Tweedy~270~555-6157~Tweedy.Samiyah-displaying@outlook.com
10182~Soila~Guth~903~555-6248~Guth.Soila-medicare@outlook.com
10183~Shanesha~Peden~301~555-6206~Peden.Shanesha-jobs@gmail.com
10184~Shatora~Connolly~508~555-7155~Connolly.Shatora-capital@yahoo.com
10185~Elisabeth~Weymouth~206~555-3059~Weymouth.Elisabeth-oliver@yahoo.com
10186~Kortni~Taing~806~555-8143~Taing.Kortni-forty@outlook.com
10187~Mckenna~Irby~973~555-5596~Irby.Mckenna-changing@hotmail.com
10188~Brigida~Seamans~312~555-9906~Seamans.Brigida-dimension@hotmail.com
10189~Chrishawn~Manrique~669~555-1662~Manrique.Chrishawn-highlighted@icloud.com
10190~Sirron~Letourneau~440~555-7598~Letourneau.Sirron-display@gmail.com
10191~Shernita~Nigro~469~555-7394~Nigro.Shernita-nothing@hotmail.com
10192~Lindi~Rumbaugh~579~555-6884~Rumbaugh.Lindi-landscapes@yahoo.com
10193~Odalis~Gregson~585~555-4478~Gregson.Odalis-house@outlook.com
10194~Brewster~Treat~916~555-4220~Treat.Brewster-amanda@hotmail.com
10195~Alexia~Petrone~660~555-1125~Petrone.Alexia-featuring@outlook.com
10196~Nasya~Liddle~780~555-5966~Liddle.Nasya-conditions@outlook.com
10197~Faydra~Pippins~778~555-5337~Pippins.Faydra-rock@icloud.com
10198~Shawna~Gillette~742~555-8151~Gillette.Shawna-s@yahoo.com
10199~Bryon~Dayton~571~555-4989~Dayton.Bryon-idaho@gmail.com
10200~Brecken~Edie~684~555-5682~Edie.Brecken-repeated@yahoo.com
10201~Elizabth~Gabler~405~555-0804~Gabler.Elizabth-potential@icloud.com
10202~Ladeidra~Higdon~639~555-3581~Higdon.Ladeidra-combination@hotmail.com
10203~Simon~Millett~413~555-0182~Millett.Simon-cruz@yahoo.com
10204~Lenore~Boling~506~555-4936~Boling.Lenore-gibraltar@hotmail.com
10205~Edie~Foss~267~555-5244~Foss.Edie-ep@gmail.com
10206~Marline~Melton~423~555-6388~Melton.Marline-skip@outlook.com
10207~Issac~Pham~626~555-9252~Pham.Issac-of@outlook.com
10208~Silvia~Siemens~334~555-9727~Siemens.Silvia-corruption@icloud.com
10209~Jazma~Suter~404~555-5412~Suter.Jazma-small@gmail.com
10210~Caitrin~Drexler~581~555-4622~Drexler.Caitrin-wildlife@icloud.com
10211~Micheala~Montelongo~480~555-3665~Montelongo.Micheala-statements@yahoo.com
10212~Carvell~Wallach~475~555-1808~Wallach.Carvell-closely@yahoo.com
10213~Shealyn~Dunleavy~423~555-5536~Dunleavy.Shealyn-america@gmail.com
10214~Jed~Ferland~763~555-9787~Ferland.Jed-rules@yahoo.com
10215~Thang~Stuart~418~555-9161~Stuart.Thang-fence@outlook.com
10216~Porshe~Frazee~603~555-7553~Frazee.Porshe-counters@icloud.com
10217~Kindra~Steffens~725~555-7285~Steffens.Kindra-contacts@gmail.com
10218~Simon~Garlock~519~555-8286~Garlock.Simon-francisco@gmail.com
10219~Shamara~Hervey~760~555-2526~Hervey.Shamara-past@outlook.com
10220~Ilianna~Blue~413~555-0182~Blue.Ilianna-timeline@icloud.com
10221~Raleigh~Dortch~447~555-1564~Dortch.Raleigh-jackson@hotmail.com
10222~Sheana~Abner~447~555-3650~Abner.Sheana-euro@gmail.com
10223~Darnell~Hawkins~659~555-5700~Hawkins.Darnell-representation@outlook.com
10224~Shalin~Goodlett~920~555-7254~Goodlett.Shalin-wage@hotmail.com
10225~Fabian~Mistretta~931~555-4416~Mistretta.Fabian-encountered@icloud.com
10226~Sanovia~Molinaro~614~555-7412~Molinaro.Sanovia-nigeria@icloud.com
10227~Severin~Zubia~854~555-6238~Zubia.Severin-cart@gmail.com
10228~Alondra~Hollingsworth~405~555-7777~Hollingsworth.Alondra-bench@gmail.com
10229~Jude~Vandermark~626~555-7014~Vandermark.Jude-states@hotmail.com
10230~Jacquie~Donofrio~289~555-9857~Donofrio.Jacquie-grey@gmail.com
10231~Omolola~Setzer~826~555-2010~Setzer.Omolola-mature@icloud.com
10232~Avital~King~865~555-5064~King.Avital-rel@icloud.com
10233~Sandeep~Zinn~309~555-1774~Zinn.Sandeep-security@hotmail.com
10234~Desmond~Hyde~670~555-0271~Hyde.Desmond-offer@icloud.com
10235~Hermelinda~Fenner~534~555-1144~Fenner.Hermelinda-measurements@yahoo.com
10236~Parker~Giddens~986~555-8070~Giddens.Parker-definitions@icloud.com
10237~Javar~Benson~925~555-3642~Benson.Javar-utc@outlook.com
10238~Donzell~Struthers~904~555-4076~Struthers.Donzell-adjusted@yahoo.com
10239~Keonda~Baccus~859~555-0541~Baccus.Keonda-arcade@gmail.com
10240~Danice~Haywood~806~555-9567~Haywood.Danice-ahead@gmail.com
10241~Eliscia~Vallee~503~555-3081~Vallee.Eliscia-ensemble@hotmail.com
10242~Lachandra~Witten~380~555-5392~Witten.Lachandra-payday@icloud.com
10243~Janeal~Bodkin~809~555-3906~Bodkin.Janeal-automated@gmail.com
10244~Aine~Vizcaino~320~555-1220~Vizcaino.Aine-launches@icloud.com
10245~Jospeh~Horgan~628~555-1972~Horgan.Jospeh-happy@hotmail.com
10246~Massiel~Massengale~585~555-4478~Massengale.Massiel-longest@hotmail.com
10247~Tiasha~Blount~210~555-0399~Blount.Tiasha-jobs@icloud.com
10248~Artesia~Kellerman~757~555-5154~Kellerman.Artesia-observer@gmail.com
10249~Natanael~Routh~250~555-4425~Routh.Natanael-considerations@icloud.com
10250~Kursten~Armistead~314~555-3708~Armistead.Kursten-accessory@gmail.com
10251~Connie~Kaminski~531~555-0399~Kaminski.Connie-experts@icloud.com
10252~Bryna~Beyer~352~555-4259~Beyer.Bryna-aggressive@outlook.com
10253~Jawara~Huston~702~555-5459~Huston.Jawara-philippines@yahoo.com
10254~Alin~Shin~920~555-7254~Shin.Alin-mighty@icloud.com
10255~Gwenn~Guardado~725~555-6061~Guardado.Gwenn-will@outlook.com
10256~Jossie~Chevalier~434~555-4245~Chevalier.Jossie-proposal@yahoo.com
10257~Ronel~Glover~228~555-2076~Glover.Ronel-briefing@gmail.com
10258~Jadira~Cade~469~555-7394~Cade.Jadira-stronger@gmail.com
10259~Jacolby~Isaacs~681~555-0672~Isaacs.Jacolby-simplified@gmail.com
10260~Uri~Gabler~847~555-7786~Gabler.Uri-introduction@hotmail.com
10261~Charnay~Hesson~603~555-7553~Hesson.Charnay-skill@yahoo.com
10262~Kristiann~Lammers~807~555-8515~Lammers.Kristiann-creation@hotmail.com
10263~Pearla~Kiss~715~555-8800~Kiss.Pearla-javascript@outlook.com
10264~Tawonda~Wingert~309~555-7225~Wingert.Tawonda-light@icloud.com
10265~Laudan~Goldsberry~402~555-4481~Goldsberry.Laudan-sunshine@hotmail.com
10266~Dathan~Hardee~575~555-8284~Hardee.Dathan-findarticles@yahoo.com
10267~Hakim~Jennings~472~555-5785~Jennings.Hakim-legislative@hotmail.com
10268~Dereka~Ackerman~689~555-2500~Ackerman.Dereka-filing@hotmail.com
10269~Nick~Brown~512~555-3524~Brown.Nick-truth@yahoo.com
10270~Charnell~Rhone~680~555-1651~Rhone.Charnell-gst@outlook.com
10271~Loranzo~Ballance~843~555-7047~Ballance.Loranzo-ge@icloud.com
10272~Kerri~Vickery~303~555-9714~Vickery.Kerri-jim@yahoo.com
10273~Dannette~Higley~267~555-5244~Higley.Dannette-studying@hotmail.com
10274~Shaquilla~Gallardo~941~555-3561~Gallardo.Shaquilla-alabama@icloud.com
10275~Kori~Wyss~858~555-4334~Wyss.Kori-extremely@hotmail.com
10276~Shenna~Beltz~859~555-8441~Beltz.Shenna-satellite@outlook.com
10277~Cynthis~Lilley~641~555-2457~Lilley.Cynthis-browsers@gmail.com
10278~Shuan~Parks~239~555-4428~Parks.Shuan-up@yahoo.com
10279~Kreg~Wulf~403~555-0631~Wulf.Kreg-frankfurt@icloud.com
10280~Landen~Kenner~820~555-7022~Kenner.Landen-token@outlook.com
10281~Catherin~Starling~659~555-3255~Starling.Catherin-motivation@icloud.com
10282~Rishi~Glasser~659~555-8470~Glasser.Rishi-automobiles@yahoo.com
10283~Frankey~Quint~517~555-0312~Quint.Frankey-chairs@hotmail.com
10284~Minnie~Grisby~657~555-5601~Grisby.Minnie-madness@icloud.com
10285~Miracle~Shoulders~413~555-9196~Shoulders.Miracle-camera@hotmail.com
10286~Marisia~Desroches~424~555-0484~Desroches.Marisia-grove@icloud.com
10287~Bruno~Oles~701~555-3725~Oles.Bruno-blocked@yahoo.com
10288~Denay~Alberts~847~555-5704~Alberts.Denay-fragrances@icloud.com
10289~Renesha~Lowrie~408~555-3570~Lowrie.Renesha-investigation@icloud.com
10290~Ramell~Patch~216~555-5210~Patch.Ramell-tunisia@gmail.com
10291~Thaer~Oberg~651~555-7025~Oberg.Thaer-ala@gmail.com
10292~Hara~Fluellen~763~555-9787~Fluellen.Hara-responsible@outlook.com
10293~Darril~Twyman~323~555-0865~Twyman.Darril-used@gmail.com
10294~Mariadelcarmen~Eriksen~223~555-3669~Eriksen.Mariadelcarmen-guide@hotmail.com
10295~Marque~Stpierre~838~555-8824~Stpierre.Marque-dvd@gmail.com
10296~Jyoti~Timothy~351~555-7359~Timothy.Jyoti-bm@hotmail.com
10297~Dustun~Nino~947~555-2063~Nino.Dustun-subdivision@yahoo.com
10298~Jamen~Wood~270~555-4038~Wood.Jamen-login@gmail.com
10299~Edgar~Goyette~952~555-6320~Goyette.Edgar-weak@gmail.com
10300~Issa~Lussier~725~555-8611~Lussier.Issa-graduation@gmail.com
10301~Tremika~Morano~361~555-0100~Morano.Tremika-municipal@gmail.com
10302~Jaleel~Pinney~954~555-7195~Pinney.Jaleel-dollar@hotmail.com
10303~Barkley~Hand~573~555-0187~Hand.Barkley-lows@outlook.com
10304~Rashaunda~Patrick~475~555-1808~Patrick.Rashaunda-tolerance@yahoo.com
10305~Danice~Leib~989~555-5257~Leib.Danice-gambling@hotmail.com
10306~Shaunelle~Deangelis~863~555-8728~Deangelis.Shaunelle-ui@gmail.com
10307~Regginald~Overman~628~555-6978~Overman.Regginald-dee@hotmail.com
10308~Kiandra~Hooker~862~555-3130~Hooker.Kiandra-retention@icloud.com
10309~Madina~Sabol~507~555-6889~Sabol.Madina-sims@yahoo.com
10310~Karlis~Aguila~743~555-7615~Aguila.Karlis-waiting@yahoo.com
10311~Jaelyn~Collier~979~555-4909~Collier.Jaelyn-bottom@hotmail.com
10312~Gerson~Waiters~212~555-0532~Waiters.Gerson-performing@gmail.com
10313~Sage~Shorts~250~555-5930~Shorts.Sage-mails@outlook.com
10314~Kendon~Fulford~843~555-6033~Fulford.Kendon-supervisor@hotmail.com
10315~Marchell~Broady~701~555-8382~Broady.Marchell-music@icloud.com
10316~Lenea~Aceves~662~555-9309~Aceves.Lenea-decline@icloud.com
10317~Valari~Vaden~814~555-6774~Vaden.Valari-cheque@hotmail.com
10318~Lanetta~Parsons~848~555-6804~Parsons.Lanetta-wound@icloud.com
10319~Nellie~Clymer~931~555-1762~Clymer.Nellie-participation@icloud.com
10320~Anuja~Vreeland~601~555-0486~Vreeland.Anuja-nm@icloud.com
10321~Kileen~Barahona~448~555-7158~Barahona.Kileen-dicks@yahoo.com
10322~Tennile~Bernardi~930~555-6448~Bernardi.Tennile-achievements@yahoo.com
10323~Reo~Goldenberg~773~555-3802~Goldenberg.Reo-wv@icloud.com
10324~Vicken~Ratliff~364~555-8687~Ratliff.Vicken-girls@yahoo.com
10325~Prentice~Bowes~772~555-5354~Bowes.Prentice-limited@gmail.com
10326~Antar~Tomlinson~409~555-8401~Tomlinson.Antar-cs@icloud.com
10327~Lajoya~Amato~806~555-8143~Amato.Lajoya-invasion@hotmail.com
10328~Jabin~Swofford~682~555-6299~Swofford.Jabin-mysterious@outlook.com
10329~Porshea~Alejo~952~555-6320~Alejo.Porshea-unknown@outlook.com
10330~Darwyn~Lemaire~228~555-8846~Lemaire.Darwyn-love@yahoo.com
10331~Holt~Mclellan~605~555-9906~Mclellan.Holt-empire@hotmail.com
10332~Joao~Selfridge~762~555-8003~Selfridge.Joao-attack@yahoo.com
10333~Jennylyn~Snodgrass~326~555-8227~Snodgrass.Jennylyn-documented@yahoo.com
10334~Elam~Phung~904~555-4076~Phung.Elam-cooper@hotmail.com
10335~Andreas~Salmon~983~555-6870~Salmon.Andreas-optimal@gmail.com
10336~Tressa~Hefley~424~555-2041~Hefley.Tressa-dangerous@gmail.com
10337~Jejuan~Mcinerney~412~555-8472~Mcinerney.Jejuan-existing@hotmail.com
10338~Penny~Zimmer~510~555-8530~Zimmer.Penny-perl@hotmail.com
10339~Sherryl~Stiller~513~555-4882~Stiller.Sherryl-wilson@yahoo.com
10340~Zacharey~Dull~683~555-5789~Dull.Zacharey-africa@yahoo.com
10341~Maudie~Curtsinger~934~555-0301~Curtsinger.Maudie-complicated@outlook.com
10342~Cecily~Card~904~555-0908~Card.Cecily-somewhere@gmail.com
10343~Breda~Ahmad~368~555-5696~Ahmad.Breda-turn@hotmail.com
10344~Roosevelt~Hagins~876~555-9288~Hagins.Roosevelt-optimum@outlook.com
10345~Kattie~Berkowitz~367~555-7003~Berkowitz.Kattie-district@hotmail.com
10346~Endre~Arbogast~689~555-1566~Arbogast.Endre-len@hotmail.com
10347~Sakina~Delia~207~555-4261~Delia.Sakina-longest@gmail.com
10348~Roshaunda~Custer~810~555-5137~Custer.Roshaunda-builders@hotmail.com
10349~Akila~Rothe~908~555-0283~Rothe.Akila-worlds@icloud.com
10350~Gurpreet~Kyle~435~555-4341~Kyle.Gurpreet-specialists@icloud.com
10351~Maili~Shine~868~555-0905~Shine.Maili-zone@yahoo.com
10352~Tashara~Zinn~810~555-5137~Zinn.Tashara-occasion@hotmail.com
10353~Khadijah~Tellis~618~555-1320~Tellis.Khadijah-companion@icloud.com
10354~Keron~Strand~325~555-8759~Strand.Keron-pearl@icloud.com
10355~Gilles~Prime~669~555-1662~Prime.Gilles-n@hotmail.com
10356~Hristopher~Darby~262~555-6280~Darby.Hristopher-sealed@icloud.com
10357~Christinamarie~Thor~246~555-4219~Thor.Christinamarie-concrete@gmail.com
10358~Colin~Dealba~334~555-4797~Dealba.Colin-conclude@outlook.com
10359~Monchell~Michelson~320~555-1220~Michelson.Monchell-funded@yahoo.com
10360~Renessa~Willams~405~555-0804~Willams.Renessa-beginners@outlook.com
10361~Damany~Sumrall~320~555-6500~Sumrall.Damany-seems@yahoo.com
10362~Prashant~Mulvihill~670~555-0271~Mulvihill.Prashant-bureau@yahoo.com
10363~Travis~Maness~424~555-2041~Maness.Travis-demands@gmail.com
10364~Mariam~Salo~478~555-5442~Salo.Mariam-views@gmail.com
10365~Orville~Mead~660~555-3443~Mead.Orville-begin@icloud.com
10366~Denecia~Edgar~212~555-5255~Edgar.Denecia-recipient@gmail.com
10367~Emmily~Wardlow~916~555-4220~Wardlow.Emmily-failing@gmail.com
10368~Anni~Vento~809~555-6312~Vento.Anni-challenged@gmail.com
10369~Martine~Larsen~651~555-2445~Larsen.Martine-defend@outlook.com
10370~Lakin~Edmunds~202~555-8814~Edmunds.Lakin-attachments@icloud.com
10371~Dajuan~Addington~469~555-0065~Addington.Dajuan-graph@outlook.com
10372~Yaffa~Dryden~215~555-3969~Dryden.Yaffa-vegetables@hotmail.com
10373~Jereme~Luker~563~555-2542~Luker.Jereme-democrats@gmail.com
10374~Tashawna~Ladwig~330~555-7966~Ladwig.Tashawna-duncan@outlook.com
10375~Kennth~Cherry~209~555-9421~Cherry.Kennth-regular@gmail.com
10376~Sharesa~Bingham~780~555-5966~Bingham.Sharesa-cowboy@icloud.com
10377~Elizabethann~Puente~902~555-8133~Puente.Elizabethann-kick@outlook.com
10378~Yobani~Pagel~223~555-1146~Pagel.Yobani-households@yahoo.com
10379~Aime~Barrios~306~555-5763~Barrios.Aime-injury@gmail.com
10380~Garvin~Mosier~249~555-9100~Mosier.Garvin-ensuring@outlook.com
10381~Cena~Eddings~318~555-3236~Eddings.Cena-mario@yahoo.com
10382~Seana~Resto~612~555-3712~Resto.Seana-participating@icloud.com
10383~Reginaldo~Holmberg~939~555-8521~Holmberg.Reginaldo-hosted@outlook.com
10384~Lavarr~Brooker~828~555-3792~Brooker.Lavarr-studied@gmail.com
10385~Jonthan~Mancilla~606~555-5369~Mancilla.Jonthan-hundred@icloud.com
10386~Rafaela~Bridgewater~409~555-8401~Bridgewater.Rafaela-ill@yahoo.com
10387~Katora~Defelice~743~555-6825~Defelice.Katora-mozilla@yahoo.com
10388~Laverna~Ruben~662~555-9309~Ruben.Laverna-logging@icloud.com
10389~Arlis~Meekins~601~555-0486~Meekins.Arlis-bed@gmail.com
10390~Marwan~Robidoux~312~555-3953~Robidoux.Marwan-addresses@outlook.com
10391~Kineta~Prewitt~954~555-8159~Prewitt.Kineta-concerts@outlook.com
10392~Aleasha~Riedel~721~555-7965~Riedel.Aleasha-whats@gmail.com
10393~Jamelyn~Jarvis~715~555-8800~Jarvis.Jamelyn-inexpensive@icloud.com
10394~Varina~Estrella~469~555-0065~Estrella.Varina-king@icloud.com
10395~Nocole~Bogle~503~555-3081~Bogle.Nocole-meyer@outlook.com
10396~Shameeka~Mccall~715~555-9285~Mccall.Shameeka-anthony@hotmail.com
10397~Roxxanne~Kearns~656~555-4057~Kearns.Roxxanne-hentai@gmail.com
10398~Lasandra~Moline~671~555-1234~Moline.Lasandra-quantity@gmail.com
10399~Inez~Hundley~562~555-1859~Hundley.Inez-tokyo@icloud.com
10400~Gloria~Mouton~617~555-5441~Mouton.Gloria-workshop@hotmail.com
10401~Hope~Pressley~448~555-8014~Pressley.Hope-quite@hotmail.com
10402~Domenique~Cape~473~555-6232~Cape.Domenique-training@hotmail.com
10403~Neesha~Spoon~284~555-9255~Spoon.Neesha-librarian@yahoo.com
10404~Shauntea~Holt~839~555-4409~Holt.Shauntea-locking@gmail.com
10405~Ziomara~Eckles~440~555-1450~Eckles.Ziomara-tu@gmail.com
10406~Rowan~Crawley~758~555-1391~Crawley.Rowan-pike@hotmail.com
10407~Jaleel~Bernard~548~555-4807~Bernard.Jaleel-polished@hotmail.com
10408~Valisa~Linn~270~555-4038~Linn.Valisa-enough@outlook.com
10409~Setareh~Pryce~250~555-9188~Pryce.Setareh-affordable@yahoo.com
10410~Chandelle~Ragin~361~555-1561~Ragin.Chandelle-guild@outlook.com
10411~Georgios~Rappaport~671~555-1234~Rappaport.Georgios-rep@yahoo.com
10412~Maura~Emrick~945~555-9724~Emrick.Maura-weddings@outlook.com
10413~Tarren~Loughman~423~555-9459~Loughman.Tarren-topless@gmail.com
10414~Devoris~Jumper~773~555-0963~Jumper.Devoris-laser@yahoo.com
10415~Cintia~Ben~951~555-7150~Ben.Cintia-login@outlook.com
10416~Sheketa~Pyle~215~555-9726~Pyle.Sheketa-posters@gmail.com
10417~Fausto~Demarco~270~555-7701~Demarco.Fausto-addition@gmail.com
10418~Rolandas~Boissonneault~573~555-7823~Boissonneault.Rolandas-bronze@yahoo.com
10419~Kule~Dockery~613~555-8663~Dockery.Kule-profile@icloud.com
10420~Tyrisha~Westover~689~555-2192~Westover.Tyrisha-renaissance@hotmail.com
10421~Maurilio~Fuller~215~555-2385~Fuller.Maurilio-perfectly@icloud.com
10422~Jerrell~Cone~939~555-6650~Cone.Jerrell-supervisors@icloud.com
10423~Deepa~Roundtree~784~555-7439~Roundtree.Deepa-requested@hotmail.com
10424~Guinevere~Styron~321~555-4697~Styron.Guinevere-audi@outlook.com
10425~Stormy~Chappel~845~555-0301~Chappel.Stormy-accommodation@outlook.com
10426~Davita~Urso~587~555-2607~Urso.Davita-ourselves@hotmail.com
10427~Alynn~Larsen~945~555-0264~Larsen.Alynn-vcr@outlook.com
10428~Shena~Vandyke~263~555-6623~Vandyke.Shena-drunk@icloud.com
10429~Lasheika~Spain~925~555-3642~Spain.Lasheika-eagles@icloud.com
10430~Jerae~Newhouse~669~555-1220~Newhouse.Jerae-pet@yahoo.com
10431~Kayte~Gaul~907~555-8780~Gaul.Kayte-recorder@icloud.com
10432~Alesandro~Rhode~772~555-9435~Rhode.Alesandro-allowance@hotmail.com
10433~Don~Mashburn~938~555-5553~Mashburn.Don-equally@hotmail.com
10434~Tiernan~Damon~445~555-6911~Damon.Tiernan-ks@gmail.com
10435~Halima~Papp~873~555-6362~Papp.Halima-emirates@hotmail.com
10436~Tomeshia~Maravilla~970~555-3450~Maravilla.Tomeshia-episodes@icloud.com
10437~Loralie~Slusher~863~555-8728~Slusher.Loralie-printing@outlook.com
10438~Barnabas~Feinberg~250~555-4425~Feinberg.Barnabas-hydraulic@yahoo.com
10439~Shaylin~Draughn~727~555-5182~Draughn.Shaylin-list@icloud.com
10440~Porschea~Hutson~612~555-9650~Hutson.Porschea-telling@yahoo.com
10441~Marcy~Almodovar~725~555-4951~Almodovar.Marcy-salon@hotmail.com
10442~Azariah~Bodner~610~555-2809~Bodner.Azariah-controller@gmail.com
10443~Griselle~Donegan~681~555-0672~Donegan.Griselle-andrea@yahoo.com
10444~Katrinia~Ton~857~555-9223~Ton.Katrinia-calculate@icloud.com
10445~Keo~Althoff~985~555-6675~Althoff.Keo-brooks@hotmail.com
10446~Kash~Mccraw~719~555-1658~Mccraw.Kash-energy@icloud.com
10447~Aleena~Guild~938~555-5553~Guild.Aleena-showing@yahoo.com
10448~Punam~Meraz~513~555-4882~Meraz.Punam-unable@hotmail.com
10449~Philippe~Antonucci~718~555-4272~Antonucci.Philippe-oct@gmail.com
10450~Alexia~Sealey~519~555-8286~Sealey.Alexia-horny@yahoo.com
10451~Shamieka~Blanding~260~555-5884~Blanding.Shamieka-logic@hotmail.com
10452~Hien~Jung~551~555-5715~Jung.Hien-furnishings@icloud.com
10453~Chanae~Desrosiers~403~555-7317~Desrosiers.Chanae-fl@gmail.com
10454~Ascencion~Barringer~639~555-3581~Barringer.Ascencion-situated@yahoo.com
10455~Joshu~Fraser~551~555-2955~Fraser.Joshu-euros@yahoo.com
10456~Laverna~Behrendt~876~555-9288~Behrendt.Laverna-concerned@hotmail.com
10457~Kassie~Yepez~650~555-3651~Yepez.Kassie-retain@icloud.com
10458~Anuj~Rossi~703~555-0110~Rossi.Anuj-reveals@yahoo.com
10459~Amir~Nuckols~721~555-7965~Nuckols.Amir-wanna@hotmail.com
10460~Alta~Amann~418~555-9161~Amann.Alta-univ@icloud.com
10461~Amaury~Wolcott~646~555-5911~Wolcott.Amaury-particularly@outlook.com
10462~Krizia~Fults~562~555-9651~Fults.Krizia-seemed@icloud.com
10463~Adrion~Leath~216~555-4924~Leath.Adrion-adds@gmail.com
10464~Eliza~Garrow~423~555-9459~Garrow.Eliza-janet@outlook.com
10465~Zaki~Arocho~575~555-8284~Arocho.Zaki-grammar@yahoo.com
10466~Martinez~Winkle~312~555-3953~Winkle.Martinez-foot@gmail.com
10467~Lakasha~Crose~441~555-7154~Crose.Lakasha-shift@hotmail.com
10468~Atreyu~Vandeusen~712~555-1395~Vandeusen.Atreyu-organisms@icloud.com
10469~Maloree~Brunswick~442~555-4161~Brunswick.Maloree-enclosed@icloud.com
10470~Johnatan~Prout~223~555-8705~Prout.Johnatan-vietnam@outlook.com
10471~Raguel~Chen~246~555-0233~Chen.Raguel-documentation@outlook.com
10472~Sharenna~Lowrance~814~555-6774~Lowrance.Sharenna-include@outlook.com
10473~Sherine~Carpio~929~555-1527~Carpio.Sherine-cnetcom@hotmail.com
10474~Hugh~Laughlin~276~555-2033~Laughlin.Hugh-slots@icloud.com
10475~Christmas~Masi~925~555-8025~Masi.Christmas-responding@gmail.com
10476~Takeia~Kroeger~207~555-3697~Kroeger.Takeia-while@outlook.com
10477~Tonette~Jaques~276~555-2033~Jaques.Tonette-realistic@hotmail.com
10478~Carolos~Lemaire~914~555-4988~Lemaire.Carolos-greeting@outlook.com
10479~Launa~Saenz~778~555-5337~Saenz.Launa-valuation@icloud.com
10480~Andren~Stamm~907~555-3418~Stamm.Andren-homework@icloud.com
10481~Markeshia~Sharpe~840~555-7694~Sharpe.Markeshia-economies@hotmail.com
10482~Monte~Farrar~771~555-0167~Farrar.Monte-albania@icloud.com
10483~Cassia~Fine~607~555-7251~Fine.Cassia-procurement@gmail.com
10484~Rackel~Wilkes~605~555-9696~Wilkes.Rackel-conventional@gmail.com
10485~Brandley~Nealy~715~555-8800~Nealy.Brandley-jose@gmail.com
10486~Jvon~Laporte~605~555-9906~Laporte.Jvon-half@outlook.com
10487~Nella~Levinson~763~555-7771~Levinson.Nella-wonderful@yahoo.com
10488~Leshae~Eggert~437~555-6646~Eggert.Leshae-prescribed@yahoo.com
10489~Theodora~Mancini~868~555-9069~Mancini.Theodora-painted@outlook.com
10490~Maghan~Veach~234~555-6981~Veach.Maghan-bottles@hotmail.com
10491~Krystil~Tardiff~352~555-4259~Tardiff.Krystil-isolation@hotmail.com
10492~Jaden~Rippeon~858~555-1748~Rippeon.Jaden-wondering@yahoo.com
10493~Rodrecus~Eisen~604~555-7343~Eisen.Rodrecus-fully@yahoo.com
10494~Cori~Clapper~435~555-9720~Clapper.Cori-loads@outlook.com
10495~Vannessa~Eddie~770~555-9662~Eddie.Vannessa-interval@icloud.com
10496~Lake~To~820~555-8338~To.Lake-lighter@outlook.com
10497~Lani~Jone~772~555-9084~Jone.Lani-n@hotmail.com
10498~Shardea~Marasco~770~555-3961~Marasco.Shardea-drag@gmail.com
10499~Alvino~Rust~447~555-8709~Rust.Alvino-pb@hotmail.com
10500~Marquisa~Moretz~807~555-4957~Moretz.Marquisa-anonymous@yahoo.com
10501~Moishe~Callender~847~555-4023~Callender.Moishe-intl@hotmail.com
10502~Alyssia~Eiland~718~555-6428~Eiland.Alyssia-contributing@yahoo.com
10503~Raffaele~Turnage~709~555-9542~Turnage.Raffaele-river@gmail.com
10504~Stephenson~Blassingame~443~555-1852~Blassingame.Stephenson-receptors@icloud.com
10505~Janie~Fraser~805~555-8756~Fraser.Janie-reviewed@icloud.com
10506~Brycen~Mcilwain~719~555-1658~Mcilwain.Brycen-appraisal@hotmail.com
10507~Horacio~Hyatt~316~555-7165~Hyatt.Horacio-they@yahoo.com
10508~Meghana~Butters~807~555-8515~Butters.Meghana-deposits@gmail.com
10509~Darron~Studer~617~555-8700~Studer.Darron-babe@yahoo.com
10510~Deserie~Huckaby~403~555-6178~Huckaby.Deserie-speaker@hotmail.com
10511~Nazario~Cabrera~607~555-7659~Cabrera.Nazario-pamela@yahoo.com
10512~Sheridan~Pape~262~555-6280~Pape.Sheridan-accept@outlook.com
10513~Hiba~Kimbrough~863~555-4877~Kimbrough.Hiba-memo@outlook.com
10514~Lissete~Rogers~479~555-6952~Rogers.Lissete-story@hotmail.com
10515~Shaya~Phair~727~555-8906~Phair.Shaya-expert@outlook.com
10516~Kendal~Old~516~555-4202~Old.Kendal-adipex@icloud.com
10517~Shalandra~Guglielmo~618~555-6227~Guglielmo.Shalandra-made@gmail.com
10518~Jaquitta~Ricard~564~555-1775~Ricard.Jaquitta-dicks@gmail.com
10519~Bernita~Klug~952~555-8966~Klug.Bernita-problem@hotmail.com
10520~Charnee~Greeson~701~555-2241~Greeson.Charnee-promotion@yahoo.com
10521~Sariah~Bump~212~555-0532~Bump.Sariah-holding@outlook.com
10522~Araceli~Pierro~609~555-0932~Pierro.Araceli-crimes@hotmail.com
10523~Freya~Ernest~418~555-0280~Ernest.Freya-pay@hotmail.com
10524~Maxton~Held~360~555-5884~Held.Maxton-runs@yahoo.com
10525~Zarina~Leblanc~448~555-5022~Leblanc.Zarina-rice@icloud.com
10526~Joleigh~Stickler~518~555-8740~Stickler.Joleigh-tasks@gmail.com
10527~Nina~More~626~555-7014~More.Nina-eagle@hotmail.com
10528~Stephaine~Durbin~630~555-5459~Durbin.Stephaine-enhanced@gmail.com
10529~Sherice~Cronin~862~555-3130~Cronin.Sherice-hidden@outlook.com
10530~Anesa~Lariviere~561~555-3358~Lariviere.Anesa-administration@icloud.com
10531~Yul~Nakagawa~869~555-7308~Nakagawa.Yul-divx@icloud.com
10532~Geovanna~Philip~212~555-3363~Philip.Geovanna-essence@icloud.com
10533~Concetta~Abbott~657~555-5601~Abbott.Concetta-are@outlook.com
10534~Markeese~Cardwell~681~555-2059~Cardwell.Markeese-impaired@icloud.com
10535~Courtnei~Dvorak~203~555-2108~Dvorak.Courtnei-yu@icloud.com
10536~Dayvon~Tocco~207~555-4261~Tocco.Dayvon-gonna@icloud.com
10537~Jacquelynn~Sierra~849~555-1468~Sierra.Jacquelynn-ch@hotmail.com
10538~Kalan~Dominy~719~555-1658~Dominy.Kalan-impaired@yahoo.com
10539~Coby~Jordon~470~555-8615~Jordon.Coby-realty@icloud.com
10540~Kimbrly~Everitt~413~555-9196~Everitt.Kimbrly-selective@icloud.com
10541~Denard~Castillo~689~555-1566~Castillo.Denard-tile@yahoo.com
10542~Cheris~Mueller~314~555-2147~Mueller.Cheris-pursue@outlook.com
10543~Barnaby~Limon~859~555-8881~Limon.Barnaby-juvenile@gmail.com
10544~Cathryne~Pennell~503~555-2826~Pennell.Cathryne-reduces@yahoo.com
10545~Renae~Winchell~425~555-7648~Winchell.Renae-chapter@icloud.com
10546~Kimyatta~Charland~630~555-5459~Charland.Kimyatta-matthew@hotmail.com
10547~Evely~Scaggs~434~555-8166~Scaggs.Evely-benchmark@outlook.com
10548~Staley~Natoli~409~555-3462~Natoli.Staley-plant@yahoo.com
10549~Larraine~Laclair~208~555-9247~Laclair.Larraine-rapid@icloud.com
10550~Cassidi~List~603~555-6326~List.Cassidi-pope@icloud.com
10551~Richelle~Vigil~925~555-8025~Vigil.Richelle-since@outlook.com
10552~Trevar~Mcduffie~954~555-2513~Mcduffie.Trevar-tested@hotmail.com
10553~Allison~Palomino~845~555-0836~Palomino.Allison-combinations@hotmail.com
10554~Burnell~Chafin~757~555-9309~Chafin.Burnell-moscow@hotmail.com
10555~Dezman~Vickery~970~555-1433~Vickery.Dezman-inc@icloud.com
10556~Dwaun~Carrol~945~555-0264~Carrol.Dwaun-estates@yahoo.com
10557~Welton~Moton~952~555-9161~Moton.Welton-duplicate@gmail.com
10558~Chanice~Lipp~939~555-7540~Lipp.Chanice-rubber@icloud.com
10559~Nikol~Neri~801~555-1833~Neri.Nikol-harbour@yahoo.com
10560~Farhad~Liang~620~555-6186~Liang.Farhad-equally@outlook.com
10561~Ehren~Horn~807~555-8515~Horn.Ehren-camping@hotmail.com
10562~Chace~Meighan~619~555-9814~Meighan.Chace-tragedy@icloud.com
10563~Remus~Rollin~770~555-4839~Rollin.Remus-h@hotmail.com
10564~Jamine~Kish~418~555-6467~Kish.Jamine-beneath@icloud.com
10565~Amamda~Parham~571~555-8035~Parham.Amamda-timer@gmail.com
10566~Sarahlynn~Friel~474~555-7162~Friel.Sarahlynn-beverage@outlook.com
10567~Breigh~Salinas~585~555-8739~Salinas.Breigh-republican@outlook.com
10568~Aicia~Almonte~609~555-2147~Almonte.Aicia-have@yahoo.com
10569~Danisha~Blades~561~555-3358~Blades.Danisha-prix@gmail.com
10570~Aysia~Gibb~651~555-7025~Gibb.Aysia-addition@icloud.com
10571~Ashleah~Million~208~555-1714~Million.Ashleah-shine@hotmail.com
10572~Feliz~Colin~473~555-6893~Colin.Feliz-refrigerator@yahoo.com
10573~Marykathryn~Shelby~413~555-9196~Shelby.Marykathryn-researcher@outlook.com
10574~Jeston~Beals~831~555-4312~Beals.Jeston-msn@icloud.com
10575~Talib~Hartigan~814~555-6774~Hartigan.Talib-opponent@yahoo.com
10576~Kiah~Perez~703~555-5381~Perez.Kiah-identify@outlook.com
10577~Dagny~Helmer~268~555-3690~Helmer.Dagny-chambers@icloud.com
10578~Nyasha~Hendrick~347~555-1065~Hendrick.Nyasha-temperature@gmail.com
10579~Brendi~Laux~656~555-6172~Laux.Brendi-schemes@outlook.com
10580~Shandy~Bridgewater~925~555-5479~Bridgewater.Shandy-potato@hotmail.com
10581~Taisha~Wroblewski~615~555-1712~Wroblewski.Taisha-cheese@outlook.com
10582~Eyad~Horner~385~555-5971~Horner.Eyad-hoping@hotmail.com
10583~Milly~Bowler~815~555-7850~Bowler.Milly-classroom@hotmail.com
10584~Hardy~Peel~951~555-7150~Peel.Hardy-pricing@yahoo.com
10585~Fay~Terrell~520~555-1366~Terrell.Fay-steam@hotmail.com
10586~Kaylynn~Tookes~318~555-6535~Tookes.Kaylynn-specialists@gmail.com
10587~Mahealani~Kuhlmann~246~555-4219~Kuhlmann.Mahealani-attach@yahoo.com
10588~Carisa~Dufault~516~555-2613~Dufault.Carisa-lone@gmail.com
10589~Geneva~Anthony~228~555-8846~Anthony.Geneva-harris@hotmail.com
10590~Malikah~Mcmanus~862~555-3078~Mcmanus.Malikah-toolkit@outlook.com
10591~Lesslie~Cape~656~555-4057~Cape.Lesslie-recipient@icloud.com
10592~Kamaal~Lay~902~555-8133~Lay.Kamaal-doll@hotmail.com
10593~Sharnell~Vassallo~574~555-2260~Vassallo.Sharnell-fair@gmail.com
10594~Dantae~Kearse~839~555-6606~Kearse.Dantae-reported@icloud.com
10595~Nathalie~Nicastro~725~555-4951~Nicastro.Nathalie-picked@outlook.com
10596~Narah~Boose~413~555-9196~Boose.Narah-kennedy@gmail.com
10597~Falana~Oman~352~555-5885~Oman.Falana-comedy@gmail.com
10598~Christal~Strawn~672~555-6676~Strawn.Christal-copy@yahoo.com
10599~Michea~Stanford~612~555-9650~Stanford.Michea-sip@gmail.com
10600~Hailey~Chitwood~475~555-1808~Chitwood.Hailey-early@gmail.com
10601~Ariadne~Griffin~863~555-8728~Griffin.Ariadne-advice@icloud.com
10602~Meredeth~Chu~727~555-4322~Chu.Meredeth-myers@hotmail.com
10603~Jaala~Warf~769~555-4548~Warf.Jaala-historical@yahoo.com
10604~Daniella~Coursey~346~555-5307~Coursey.Daniella-forbes@gmail.com
10605~Latausha~Leibowitz~612~555-3790~Leibowitz.Latausha-islands@icloud.com
10606~Esmeralda~Koehn~276~555-6430~Koehn.Esmeralda-nottingham@icloud.com
10607~Hadiyah~Fricke~659~555-3255~Fricke.Hadiyah-reproduction@icloud.com
10608~Kaleem~Desantiago~270~555-0338~Desantiago.Kaleem-treaty@hotmail.com
10609~Fredy~Mistretta~351~555-6634~Mistretta.Fredy-germany@hotmail.com
10610~Nicolaas~Mcmasters~970~555-1433~Mcmasters.Nicolaas-pd@gmail.com
10611~Francine~Pinard~509~555-5629~Pinard.Francine-accessible@hotmail.com
10612~Alexzandria~Falconer~249~555-9934~Falconer.Alexzandria-volunteers@yahoo.com
10613~Shalyn~Luft~573~555-0187~Luft.Shalyn-only@gmail.com
10614~Teia~Axtell~205~555-2667~Axtell.Teia-places@hotmail.com
10615~Sherea~Hillery~669~555-1220~Hillery.Sherea-carpet@outlook.com
10616~Deloris~Harlan~331~555-5331~Harlan.Deloris-note@outlook.com
10617~Rana~Harshbarger~225~555-9235~Harshbarger.Rana-distributions@hotmail.com
10618~Eitan~Demers~314~555-3708~Demers.Eitan-wooden@outlook.com
10619~Shadonna~Marinelli~602~555-4079~Marinelli.Shadonna-lamp@icloud.com
10620~Gerrit~Vidal~351~555-7359~Vidal.Gerrit-promo@gmail.com
10621~Telena~Feliz~603~555-6326~Feliz.Telena-flip@icloud.com
10622~Kyanne~Burch~721~555-6608~Burch.Kyanne-lloyd@gmail.com
10623~Telesha~Aybar~364~555-3862~Aybar.Telesha-indiana@outlook.com
10624~Blia~Lockridge~479~555-6952~Lockridge.Blia-uniprotkb@outlook.com
10625~Laqueta~Riojas~571~555-6902~Riojas.Laqueta-tanzania@gmail.com
10626~Kashif~Trail~659~555-5270~Trail.Kashif-treo@yahoo.com
10627~Kaleen~Bosworth~504~555-2809~Bosworth.Kaleen-transexuales@icloud.com
10628~Almarosa~Stalnaker~250~555-4425~Stalnaker.Almarosa-chicken@icloud.com
10629~Natalia~Rahn~609~555-0932~Rahn.Natalia-newsletters@gmail.com
10630~Josecarlos~Kellerman~760~555-2526~Kellerman.Josecarlos-existing@gmail.com
10631~Demarr~Friel~618~555-9470~Friel.Demarr-distributors@yahoo.com
10632~Anabelle~Mcnichols~807~555-8515~Mcnichols.Anabelle-retired@icloud.com
10633~Jacqlyn~Kowalewski~321~555-4697~Kowalewski.Jacqlyn-adidas@yahoo.com
10634~Candiss~Gribble~830~555-8223~Gribble.Candiss-details@icloud.com
10635~Shondell~Knauer~820~555-7022~Knauer.Shondell-ka@icloud.com
10636~Aleen~Trinidad~318~555-6535~Trinidad.Aleen-determined@gmail.com
10637~Teneisha~Trader~326~555-8227~Trader.Teneisha-focuses@hotmail.com
10638~Levar~Clinkscales~617~555-4583~Clinkscales.Levar-sunday@gmail.com
10639~Shanetta~Huntsman~870~555-6841~Huntsman.Shanetta-church@hotmail.com
10640~Brittany~Lineberger~323~555-0865~Lineberger.Brittany-km@gmail.com
10641~Shakyra~Mertens~713~555-8531~Mertens.Shakyra-collectors@gmail.com
10642~Romanda~Edelman~856~555-9948~Edelman.Romanda-davidson@outlook.com
10643~Geovany~Royal~847~555-4023~Royal.Geovany-latitude@gmail.com
10644~Carrisa~Wilkerson~839~555-3170~Wilkerson.Carrisa-street@hotmail.com
10645~Siena~Savarese~959~555-8887~Savarese.Siena-united@outlook.com
10646~Christa~Thornburg~360~555-0707~Thornburg.Christa-bachelor@outlook.com
10647~Inisha~Hoye~364~555-3862~Hoye.Inisha-cornwall@hotmail.com
10648~Edd~Darlington~809~555-3906~Darlington.Edd-withdrawal@yahoo.com
10649~Johnnylee~Castro~959~555-0619~Castro.Johnnylee-bills@gmail.com
10650~Kimberlyn~Alber~619~555-2509~Alber.Kimberlyn-temporary@icloud.com
10651~Judson~Gleeson~802~555-8099~Gleeson.Judson-lloyd@icloud.com
10652~Davin~Garth~316~555-7165~Garth.Davin-portions@icloud.com
10653~Desaray~Omara~473~555-6232~Omara.Desaray-bolivia@icloud.com
10654~Aislynn~Sheetz~579~555-6884~Sheetz.Aislynn-infinite@hotmail.com
10655~Jeslyn~Renfro~331~555-8612~Renfro.Jeslyn-schema@gmail.com
10656~Jennings~Kidd~672~555-0294~Kidd.Jennings-ev@hotmail.com
10657~Zabrina~Wickline~385~555-5971~Wickline.Zabrina-html@yahoo.com
10658~Emery~Gurney~571~555-2006~Gurney.Emery-illustrations@gmail.com
10659~Regis~Hodgdon~774~555-8853~Hodgdon.Regis-argument@gmail.com
10660~Josemiguel~Cora~743~555-5280~Cora.Josemiguel-lol@hotmail.com
10661~Donella~Bauer~613~555-6775~Bauer.Donella-writer@outlook.com
10662~Ignacio~Mackin~520~555-2557~Mackin.Ignacio-polish@outlook.com
10663~Sonya~Long~306~555-5763~Long.Sonya-odd@outlook.com
10664~Rachele~Noll~270~555-7701~Noll.Rachele-requesting@hotmail.com
10665~Guillermo~Dance~234~555-6981~Dance.Guillermo-bike@yahoo.com
10666~Hilario~Mccree~435~555-3246~Mccree.Hilario-rare@hotmail.com
10667~Breland~Espinosa~683~555-1461~Espinosa.Breland-cameroon@outlook.com
10668~Jahaira~Pierce~343~555-2627~Pierce.Jahaira-inspiration@outlook.com
10669~Brnadon~Samuelson~361~555-2849~Samuelson.Brnadon-convicted@gmail.com
10670~Isrrael~Daniels~534~555-8486~Daniels.Isrrael-light@hotmail.com
10671~Sharell~Fujimoto~971~555-0529~Fujimoto.Sharell-female@gmail.com
10672~Helder~Swartz~301~555-4350~Swartz.Helder-cancellation@gmail.com
10673~Rodric~Brashear~323~555-0865~Brashear.Rodric-monitoring@hotmail.com
10674~Natilie~Grondin~309~555-1774~Grondin.Natilie-seventh@yahoo.com
10675~Jamarl~Pease~714~555-7400~Pease.Jamarl-creatures@hotmail.com
10676~Quentez~Stover~667~555-4539~Stover.Quentez-cottages@outlook.com
10677~Recardo~Avallone~361~555-2849~Avallone.Recardo-reactions@icloud.com
10678~Jazzmen~Abbott~432~555-9196~Abbott.Jazzmen-pink@yahoo.com
10679~Arnulfo~Bartee~220~555-6205~Bartee.Arnulfo-feelings@icloud.com
10680~Jeniece~Halliday~628~555-6978~Halliday.Jeniece-receive@gmail.com
10681~Tracina~Sargeant~862~555-2311~Sargeant.Tracina-beam@hotmail.com
10682~Talayah~Marques~501~555-6420~Marques.Talayah-cohen@hotmail.com
10683~Warner~Sandidge~303~555-4261~Sandidge.Warner-consolidation@outlook.com
10684~Lillian~Stallard~904~555-4076~Stallard.Lillian-suggests@gmail.com
10685~Kanoe~Broaddus~508~555-7155~Broaddus.Kanoe-bob@yahoo.com
10686~Julina~Gilbertson~651~555-1146~Gilbertson.Julina-aye@hotmail.com
10687~Jazzman~Rainwater~539~555-7804~Rainwater.Jazzman-ka@hotmail.com
10688~Antonine~Hannah~843~555-6033~Hannah.Antonine-collectible@icloud.com
10689~Latoyia~Knoll~320~555-6500~Knoll.Latoyia-comments@outlook.com
10690~Jami~Bitner~782~555-4610~Bitner.Jami-forming@hotmail.com
10691~Sade~Alt~989~555-5257~Alt.Sade-passing@outlook.com
10692~Krisanne~Holdren~415~555-9368~Holdren.Krisanne-advisor@icloud.com
10693~Djuana~Dendy~657~555-8229~Dendy.Djuana-blink@gmail.com
10694~Justo~Boulanger~514~555-0557~Boulanger.Justo-feature@outlook.com
10695~Lynea~Jenkins~409~555-3462~Jenkins.Lynea-specs@icloud.com
10696~Gary~Pinder~581~555-4622~Pinder.Gary-rpm@hotmail.com
10697~Manny~Hadfield~208~555-9247~Hadfield.Manny-scanners@yahoo.com
10698~Keshonda~Argueta~510~555-8530~Argueta.Keshonda-half@icloud.com
10699~Mitcheal~Josey~260~555-2864~Josey.Mitcheal-abuse@yahoo.com
10700~Dilan~Duckworth~520~555-1366~Duckworth.Dilan-barry@gmail.com
10701~Shariff~Hannah~603~555-7553~Hannah.Shariff-bikini@icloud.com
10702~Raechel~Bookman~910~555-2467~Bookman.Raechel-exactly@outlook.com
10703~Keneth~Suazo~314~555-0083~Suazo.Keneth-reduces@yahoo.com
10704~Racquel~Pate~472~555-5906~Pate.Racquel-western@icloud.com
10705~Brent~Lung~649~555-5143~Lung.Brent-platform@yahoo.com
10706~Bethany~Plascencia~672~555-0294~Plascencia.Bethany-meaning@yahoo.com
10707~Keera~Thor~786~555-0844~Thor.Keera-fiji@gmail.com
10708~Kinisha~Rowlands~432~555-4513~Rowlands.Kinisha-boat@outlook.com
10709~Shikha~Richmond~724~555-8888~Richmond.Shikha-dawn@yahoo.com
10710~Martha~Ahner~414~555-1272~Ahner.Martha-physical@hotmail.com
10711~Merline~Mahurin~303~555-0790~Mahurin.Merline-story@yahoo.com
10712~Kiira~Dade~818~555-1305~Dade.Kiira-recipients@gmail.com
10713~Keonda~Ellenberger~770~555-4839~Ellenberger.Keonda-hansen@gmail.com
10714~Tyshia~Claycomb~613~555-6775~Claycomb.Tyshia-enjoy@outlook.com
10715~Ralphael~Messersmith~575~555-7561~Messersmith.Ralphael-refresh@outlook.com
10716~Jolly~Edmunds~484~555-9047~Edmunds.Jolly-lean@gmail.com
10717~Chelsi~Traylor~725~555-6061~Traylor.Chelsi-hints@gmail.com
10718~Chalese~Henline~447~555-3080~Henline.Chalese-insects@hotmail.com
10719~Trysta~Pearsall~931~555-1762~Pearsall.Trysta-choir@yahoo.com
10720~Markeita~Sunderland~903~555-6248~Sunderland.Markeita-colony@outlook.com
10721~Meghana~Coffield~971~555-1621~Coffield.Meghana-diesel@gmail.com
10722~Alejandrina~Fulgham~614~555-7671~Fulgham.Alejandrina-these@yahoo.com
10723~Tamora~Ansley~253~555-1147~Ansley.Tamora-helps@outlook.com
10724~Daiana~Wojtowicz~724~555-0510~Wojtowicz.Daiana-names@yahoo.com
10725~Evens~Puryear~339~555-7191~Puryear.Evens-committee@icloud.com
10726~Alaine~Poon~704~555-0166~Poon.Alaine-end@hotmail.com
10727~Talin~Comeau~860~555-2859~Comeau.Talin-maiden@icloud.com
10728~Toby~Heard~919~555-5148~Heard.Toby-cognitive@outlook.com
10729~Lue~Lovell~767~555-4143~Lovell.Lue-alto@icloud.com
10730~Chadrick~Brisson~863~555-6496~Brisson.Chadrick-shareware@hotmail.com
10731~Inger~Mcauley~908~555-8707~Mcauley.Inger-animated@icloud.com
10732~Kiffany~Sinnott~604~555-9842~Sinnott.Kiffany-labour@hotmail.com
10733~Melida~Piner~683~555-5789~Piner.Melida-during@hotmail.com
10734~Philbert~Christman~251~555-2336~Christman.Philbert-pixel@outlook.com
10735~Savvas~Gurley~945~555-0264~Gurley.Savvas-whilst@icloud.com
10736~Agostino~Dietz~405~555-0804~Dietz.Agostino-computed@outlook.com
10737~Tauna~Slover~262~555-6374~Slover.Tauna-naughty@yahoo.com
10738~Kamau~Abramson~224~555-3386~Abramson.Kamau-newspapers@gmail.com
10739~Pattie~Willingham~726~555-3118~Willingham.Pattie-warned@hotmail.com
10740~Sherquita~Ardoin~368~555-5696~Ardoin.Sherquita-wings@hotmail.com
10741~Milton~Dryer~917~555-5526~Dryer.Milton-explore@yahoo.com
10742~Briann~Winfrey~424~555-0484~Winfrey.Briann-reason@outlook.com
10743~Myriah~Rolen~409~555-8401~Rolen.Myriah-monitoring@outlook.com
10744~Lessa~Keeler~281~555-6138~Keeler.Lessa-contributions@icloud.com
10745~Lambert~Field~234~555-6981~Field.Lambert-judge@outlook.com
10746~Tomi~Hartmann~438~555-2524~Hartmann.Tomi-aerospace@outlook.com
10747~Aran~Gump~804~555-4971~Gump.Aran-agency@hotmail.com
10748~Jorie~Welsh~253~555-1147~Welsh.Jorie-jean@yahoo.com
10749~Dashon~Owensby~319~555-7750~Owensby.Dashon-incorporate@outlook.com
10750~Wanita~Gould~475~555-6477~Gould.Wanita-smoking@hotmail.com
10751~Ruby~Dismuke~206~555-5210~Dismuke.Ruby-basics@hotmail.com
10752~Tanetta~Creekmore~869~555-6860~Creekmore.Tanetta-closure@gmail.com
10753~Sharelle~Ansell~202~555-4709~Ansell.Sharelle-expected@icloud.com
10754~Cornelia~Snyder~608~555-6111~Snyder.Cornelia-folding@icloud.com
10755~Alejandro~Scheller~239~555-2228~Scheller.Alejandro-gathered@gmail.com
10756~Akisha~Granata~613~555-8663~Granata.Akisha-spanish@outlook.com
10757~Jennae~Blakeslee~615~555-1712~Blakeslee.Jennae-dp@yahoo.com
10758~Sandeep~Khan~925~555-4143~Khan.Sandeep-early@outlook.com
10759~Jamelle~Givens~628~555-6978~Givens.Jamelle-powers@yahoo.com
10760~Travonne~Dailey~501~555-6420~Dailey.Travonne-venice@outlook.com
10761~Bevan~Sayles~876~555-5493~Sayles.Bevan-tender@icloud.com
10762~Tamare~Pabst~780~555-5555~Pabst.Tamare-gzip@hotmail.com
10763~Zacariah~Tillis~534~555-1081~Tillis.Zacariah-challenge@outlook.com
10764~Genny~Schlosser~509~555-5629~Schlosser.Genny-ronald@gmail.com
10765~Larry~Shew~602~555-4510~Shew.Larry-databases@yahoo.com
10766~Rakeem~Wiesner~435~555-3246~Wiesner.Rakeem-westminster@icloud.com
10767~Kristiane~Plotkin~954~555-9910~Plotkin.Kristiane-done@yahoo.com
10768~Mickey~Wargo~517~555-0312~Wargo.Mickey-gb@yahoo.com
10769~Worth~Boston~318~555-6494~Boston.Worth-learners@gmail.com
10770~Joya~Hazelton~213~555-7885~Hazelton.Joya-latino@hotmail.com
10771~Mindee~Masson~818~555-8695~Masson.Mindee-citysearch@gmail.com
10772~Laquette~Bate~620~555-0485~Bate.Laquette-enlarge@hotmail.com
10773~Sopheap~Mathias~725~555-6061~Mathias.Sopheap-shoppercom@gmail.com
10774~Kennan~Leger~402~555-6910~Leger.Kennan-x@icloud.com
10775~Samuele~Kincaid~208~555-2821~Kincaid.Samuele-visited@yahoo.com
10776~Mallory~Cushman~954~555-3848~Cushman.Mallory-notice@outlook.com
10777~Curran~Binion~242~555-1336~Binion.Curran-stephanie@yahoo.com
10778~Zeke~Giddens~281~555-6138~Giddens.Zeke-attribute@outlook.com
10779~Orion~Duprey~416~555-5521~Duprey.Orion-height@yahoo.com
10780~Jarah~Sim~925~555-5479~Sim.Jarah-sorted@gmail.com
10781~Tuongvi~Norcross~284~555-1627~Norcross.Tuongvi-honduras@icloud.com
10782~Maylin~Tookes~314~555-1334~Tookes.Maylin-formula@yahoo.com
10783~Susanne~Sterrett~587~555-2607~Sterrett.Susanne-worldwide@yahoo.com
10784~Margalit~Aybar~448~555-3211~Aybar.Margalit-huntington@icloud.com
10785~Lilli~Halls~856~555-9948~Halls.Lilli-catalog@gmail.com
10786~Valerie~Duhart~367~555-7246~Duhart.Valerie-query@hotmail.com
10787~Immanuel~Heald~708~555-7882~Heald.Immanuel-diploma@gmail.com
10788~Amjad~Reno~414~555-1272~Reno.Amjad-stolen@gmail.com
10789~Haylie~Sherer~701~555-7291~Sherer.Haylie-fruits@icloud.com
10790~Saba~Bevan~463~555-8942~Bevan.Saba-playlist@icloud.com
10791~Patrizia~Mccormack~712~555-1395~Mccormack.Patrizia-instructor@yahoo.com
10792~Janara~Wilmoth~520~555-2557~Wilmoth.Janara-brussels@yahoo.com
10793~Whitley~Santucci~985~555-6675~Santucci.Whitley-punk@yahoo.com
10794~Halsey~Stayton~263~555-6623~Stayton.Halsey-thunder@yahoo.com
10795~Lara~Ruch~447~555-8709~Ruch.Lara-hq@yahoo.com
10796~Gideon~Biggers~831~555-4312~Biggers.Gideon-totally@icloud.com
10797~Tyre~Buendia~314~555-1334~Buendia.Tyre-exposed@icloud.com
10798~Arlee~Studer~660~555-3443~Studer.Arlee-minerals@outlook.com
10799~Ruston~Seibel~945~555-1466~Seibel.Ruston-field@icloud.com
10800~Iliana~Moser~443~555-1852~Moser.Iliana-attacks@outlook.com
10801~Madelyne~Desouza~839~555-7448~Desouza.Madelyne-distribute@outlook.com
10802~Jasan~Bonner~620~555-0485~Bonner.Jasan-provide@outlook.com
10803~Christhoper~Gary~858~555-1748~Gary.Christhoper-warnings@icloud.com
10804~Gerren~Ruble~986~555-8070~Ruble.Gerren-associates@hotmail.com
10805~Jobeth~Dickinson~473~555-4161~Dickinson.Jobeth-fuel@gmail.com
10806~Faline~Longshore~530~555-8848~Longshore.Faline-maryland@gmail.com
10807~Liann~Hammes~284~555-8351~Hammes.Liann-robot@yahoo.com
10808~Tywanda~Kight~469~555-7394~Kight.Tywanda-ray@icloud.com
10809~Markale~Standley~510~555-1362~Standley.Markale-service@outlook.com
10810~Temia~Frazer~312~555-8376~Frazer.Temia-vehicle@hotmail.com
10811~Dimitris~Segovia~573~555-7823~Segovia.Dimitris-occasion@outlook.com
10812~Janeane~Vue~681~555-0672~Vue.Janeane-basin@outlook.com
10813~Lashone~Singer~616~555-0549~Singer.Lashone-camel@yahoo.com
10814~Ngoc~Fryar~613~555-8663~Fryar.Ngoc-materials@gmail.com
10815~Erol~Flynt~354~555-6170~Flynt.Erol-penetration@hotmail.com
10816~Azusena~Gooch~251~555-2336~Gooch.Azusena-ampland@icloud.com
10817~Rosario~Ashbaugh~458~555-5105~Ashbaugh.Rosario-disco@gmail.com
10818~Kolina~Yost~270~555-9508~Yost.Kolina-properties@hotmail.com
10819~Karenda~Squire~331~555-5331~Squire.Karenda-skills@gmail.com
10820~Zakiya~Buckmaster~864~555-9904~Buckmaster.Zakiya-game@hotmail.com
10821~Kapri~Horowitz~925~555-3642~Horowitz.Kapri-secretary@yahoo.com
10822~Linzi~Quisenberry~725~555-7285~Quisenberry.Linzi-solo@yahoo.com
10823~Rane~Ruppe~703~555-0110~Ruppe.Rane-multi@outlook.com
10824~Chelle~Sledge~612~555-3790~Sledge.Chelle-components@outlook.com
10825~Brittant~Grosso~672~555-0901~Grosso.Brittant-troops@gmail.com
10826~Candis~Gilcrease~339~555-7191~Gilcrease.Candis-signs@hotmail.com
10827~Lucian~Oswald~908~555-0283~Oswald.Lucian-feel@icloud.com
10828~Joseluis~Toledo~215~555-2385~Toledo.Joseluis-ta@yahoo.com
10829~Mithcell~Roos~757~555-5154~Roos.Mithcell-nickel@hotmail.com
10830~Lakeitha~Kilby~862~555-3078~Kilby.Lakeitha-letters@icloud.com
10831~Jacobi~Blackford~463~555-8942~Blackford.Jacobi-annotated@hotmail.com
10832~Ehab~Patillo~334~555-9697~Patillo.Ehab-cylinder@gmail.com
10833~Geary~Bair~720~555-1950~Bair.Geary-increased@outlook.com
10834~Shana~Baumann~364~555-8687~Baumann.Shana-rb@hotmail.com
10835~Layce~Mcnally~780~555-5966~Mcnally.Layce-previously@yahoo.com
10836~Nyeisha~Royer~657~555-8229~Royer.Nyeisha-example@hotmail.com
10837~Jibril~Angeles~951~555-2913~Angeles.Jibril-shadows@yahoo.com
10838~Delmer~Greenwell~609~555-0932~Greenwell.Delmer-continental@yahoo.com
10839~Jerel~Shaw~983~555-6870~Shaw.Jerel-topics@hotmail.com
10840~Rashawn~Kerstetter~303~555-4261~Kerstetter.Rashawn-oldest@outlook.com
10841~Vicenta~Polite~743~555-7615~Polite.Vicenta-aquatic@outlook.com
10842~Maybelline~Mummert~224~555-3670~Mummert.Maybelline-hunting@gmail.com
10843~Dedra~Rushing~758~555-4405~Rushing.Dedra-brake@outlook.com
10844~Karli~Cornwell~804~555-2073~Cornwell.Karli-caribbean@icloud.com
10845~Yoselyn~Osborne~876~555-8503~Osborne.Yoselyn-sf@outlook.com
10846~Warner~Haslett~308~555-9267~Haslett.Warner-humans@icloud.com
10847~Noreen~Rhoads~818~555-8695~Rhoads.Noreen-publicly@outlook.com
10848~Linzie~Straub~934~555-0301~Straub.Linzie-export@icloud.com
10849~Cassidy~Pascale~253~555-3700~Pascale.Cassidy-tons@gmail.com
10850~Jamarrio~Ziegler~718~555-6428~Ziegler.Jamarrio-exotic@yahoo.com
10851~Guillermo~Nesbit~331~555-5331~Nesbit.Guillermo-radar@yahoo.com
10852~Jenine~Hartle~671~555-5509~Hartle.Jenine-subject@gmail.com
10853~Chantal~Hogan~743~555-6825~Hogan.Chantal-comfortable@hotmail.com
10854~Aurielle~Kepler~603~555-7553~Kepler.Aurielle-jury@yahoo.com
10855~Alvin~Hepler~601~555-7412~Hepler.Alvin-memphis@hotmail.com
10856~Powell~Lillard~224~555-3670~Lillard.Powell-rear@outlook.com
10857~Algernon~Millsap~838~555-6458~Millsap.Algernon-documentary@gmail.com
10858~Teren~Matlock~972~555-8064~Matlock.Teren-sharing@yahoo.com
10859~Hunter~Quade~386~555-3553~Quade.Hunter-broadway@yahoo.com
10860~Keren~Tiggs~214~555-9112~Tiggs.Keren-diamonds@hotmail.com
10861~Ivori~Collins~659~555-8470~Collins.Ivori-lat@icloud.com
10862~Ignatius~Duggan~769~555-4548~Duggan.Ignatius-vegas@outlook.com
10863~Nikoleta~Holcombe~732~555-4146~Holcombe.Nikoleta-mali@yahoo.com
10864~Tadd~Harder~425~555-7648~Harder.Tadd-staffing@hotmail.com
10865~Catrell~Gist~601~555-7412~Gist.Catrell-html@yahoo.com
10866~Starlena~Remy~780~555-5966~Remy.Starlena-spell@outlook.com
10867~Joon~Dawes~570~555-4819~Dawes.Joon-pencil@gmail.com
10868~Aaisha~Kelly~609~555-3927~Kelly.Aaisha-pest@yahoo.com
10869~Delphina~Boling~623~555-0060~Boling.Delphina-showers@icloud.com
10870~Sabina~Labonte~936~555-5479~Labonte.Sabina-potter@outlook.com
10871~Jenell~Pledger~508~555-7155~Pledger.Jenell-oz@gmail.com
10872~Jonna~Marshal~551~555-2955~Marshal.Jonna-filters@yahoo.com
10873~Xenia~Hipp~503~555-2826~Hipp.Xenia-orleans@outlook.com
10874~Falynn~Hamil~914~555-7586~Hamil.Falynn-fixtures@gmail.com
10875~Brent~Swain~262~555-6280~Swain.Brent-intl@gmail.com
10876~Teaya~Marco~216~555-3350~Marco.Teaya-metabolism@icloud.com
10877~Ralph~Kautz~681~555-0672~Kautz.Ralph-blowjob@gmail.com
10878~Samanth~Wotring~831~555-9783~Wotring.Samanth-rugby@yahoo.com
10879~Mallissa~Cofield~432~555-4513~Cofield.Mallissa-karaoke@icloud.com
10880~Jermale~Kappel~416~555-5521~Kappel.Jermale-manga@outlook.com
10881~Reanne~Rappaport~203~555-2108~Rappaport.Reanne-ri@hotmail.com
10882~Devron~Rieger~319~555-2270~Rieger.Devron-committees@outlook.com
10883~Mikelle~Sandidge~405~555-0804~Sandidge.Mikelle-gay@outlook.com
10884~Bassem~Blais~951~555-3965~Blais.Bassem-lawyers@outlook.com
10885~Deborah~Baird~765~555-5923~Baird.Deborah-mine@yahoo.com
10886~Julieanna~Gulick~848~555-6804~Gulick.Julieanna-feof@icloud.com
10887~Marcelo~Herod~706~555-8034~Herod.Marcelo-amongst@yahoo.com
10888~Clarrisa~Rodrigez~814~555-6774~Rodrigez.Clarrisa-optics@outlook.com
10889~Arienne~Foutz~365~555-0558~Foutz.Arienne-uri@yahoo.com
10890~Riccardo~Engelbrecht~514~555-0557~Engelbrecht.Riccardo-minolta@outlook.com
10891~Blythe~Nagel~905~555-0828~Nagel.Blythe-meanwhile@yahoo.com
10892~Ebonie~Schaeffer~504~555-2809~Schaeffer.Ebonie-replaced@outlook.com
10893~Breia~Kluge~628~555-0137~Kluge.Breia-searched@yahoo.com
10894~Donvan~Leeds~424~555-0484~Leeds.Donvan-restaurant@gmail.com
10895~Dorthy~Theisen~440~555-4570~Theisen.Dorthy-sees@yahoo.com
10896~Deangela~Hammel~952~555-8326~Hammel.Deangela-addresses@gmail.com
10897~Said~Orear~303~555-4261~Orear.Said-animated@hotmail.com
10898~Shiri~Jason~368~555-0323~Jason.Shiri-barbara@yahoo.com
10899~Jenessa~Risher~714~555-7400~Risher.Jenessa-cam@yahoo.com
10900~Aleshia~Maya~623~555-0060~Maya.Aleshia-rangers@yahoo.com
10901~Linh~Chen~478~555-5442~Chen.Linh-unix@yahoo.com
10902~Cheslie~Hallam~602~555-4079~Hallam.Cheslie-prove@outlook.com
10903~Kyisha~Bartley~267~555-2329~Bartley.Kyisha-attend@outlook.com
10904~Sharmayne~Haggard~326~555-8227~Haggard.Sharmayne-sentences@yahoo.com
10905~Ralphael~Burchell~276~555-6430~Burchell.Ralphael-suited@gmail.com
10906~Duncan~Adames~418~555-8543~Adames.Duncan-seed@icloud.com
10907~Tyana~Mize~215~555-3969~Mize.Tyana-adjacent@outlook.com
10908~Shakir~Tibbetts~862~555-3078~Tibbetts.Shakir-uk@hotmail.com
10909~Kailah~Finkelstein~351~555-0009~Finkelstein.Kailah-zoophilia@hotmail.com
10910~Brandeis~Depriest~551~555-2955~Depriest.Brandeis-t@yahoo.com
10911~Nicolle~Blalock~725~555-4951~Blalock.Nicolle-interventions@hotmail.com
10912~Latora~Hartsfield~657~555-5601~Hartsfield.Latora-guinea@hotmail.com
10913~Elise~Burkhart~615~555-4091~Burkhart.Elise-simply@icloud.com
10914~Cherlyn~Boden~771~555-2875~Boden.Cherlyn-functions@hotmail.com
10915~Elisa~Cotter~929~555-4850~Cotter.Elisa-massachusetts@gmail.com
10916~Kalisa~Manke~303~555-6131~Manke.Kalisa-buzz@hotmail.com
10917~Telisa~Maxey~582~555-1729~Maxey.Telisa-alternatively@outlook.com
10918~Sundeep~Goforth~239~555-4428~Goforth.Sundeep-rack@outlook.com
10919~Shalese~Wildman~210~555-0399~Wildman.Shalese-salmon@hotmail.com
10920~Charina~Houghtaling~773~555-0963~Houghtaling.Charina-threats@icloud.com
10921~Ugo~Armitage~513~555-4882~Armitage.Ugo-bullet@icloud.com
10922~Banesa~Sager~672~555-0901~Sager.Banesa-feature@gmail.com
10923~Joshu~Shuler~445~555-6911~Shuler.Joshu-symposium@gmail.com
10924~Graydon~Crase~468~555-2180~Crase.Graydon-christina@outlook.com
10925~Cricket~Neel~430~555-3802~Neel.Cricket-browsing@hotmail.com
10926~Meggan~Loggins~838~555-8824~Loggins.Meggan-conf@icloud.com
10927~Rodman~Streeter~678~555-3037~Streeter.Rodman-da@hotmail.com
10928~Heyward~Kleinschmidt~604~555-7343~Kleinschmidt.Heyward-assist@outlook.com
10929~Javone~Glasco~351~555-7359~Glasco.Javone-dx@gmail.com
10930~Rulon~Holifield~701~555-7291~Holifield.Rulon-eligible@gmail.com
10931~Osiris~Umana~831~555-9709~Umana.Osiris-transaction@yahoo.com
10932~Ercia~Herman~225~555-9235~Herman.Ercia-source@icloud.com
10933~Jabriel~Grindstaff~839~555-7448~Grindstaff.Jabriel-watershed@gmail.com
10934~Dewanda~Tomblin~440~555-1450~Tomblin.Dewanda-palestine@icloud.com
10935~Corine~Labarge~701~555-8382~Labarge.Corine-latitude@hotmail.com
10936~Marlynn~Crittenden~702~555-4916~Crittenden.Marlynn-travis@yahoo.com
10937~Timothey~Copeland~341~555-4435~Copeland.Timothey-disk@gmail.com
10938~Annalissa~Judkins~831~555-8657~Judkins.Annalissa-fantasy@yahoo.com
10939~Marchella~Duvall~564~555-1775~Duvall.Marchella-const@outlook.com
10940~Itzel~Collazo~582~555-1729~Collazo.Itzel-mug@gmail.com
10941~Antjuan~Gerhart~310~555-8081~Gerhart.Antjuan-meter@yahoo.com
10942~Kaylon~Mcfadden~272~555-9280~Mcfadden.Kaylon-outlet@outlook.com
10943~Montez~Tyre~868~555-9069~Tyre.Montez-mariah@gmail.com
10944~Shankar~Rawlings~330~555-1032~Rawlings.Shankar-peripheral@yahoo.com
10945~Stephnie~Carruth~281~555-0213~Carruth.Stephnie-trial@yahoo.com
10946~Ronalda~Gratton~702~555-5459~Gratton.Ronalda-cove@outlook.com
10947~Elder~Arbogast~925~555-8025~Arbogast.Elder-gear@gmail.com
10948~Yaritza~Goodwyn~320~555-9727~Goodwyn.Yaritza-norton@gmail.com
10949~Angelito~Abreu~743~555-6825~Abreu.Angelito-month@icloud.com
10950~Colbi~Conroy~507~555-9635~Conroy.Colbi-anna@yahoo.com
10951~Lawanda~Hering~806~555-3479~Hering.Lawanda-lithuania@icloud.com
10952~Pascual~Dement~825~555-2230~Dement.Pascual-pie@yahoo.com
10953~Blaise~Breslin~472~555-2990~Breslin.Blaise-manga@outlook.com
10954~Sheilla~Herring~941~555-3561~Herring.Sheilla-farms@outlook.com
10955~Jessi~Dane~284~555-1627~Dane.Jessi-oe@icloud.com
10956~Trasha~Fromm~609~555-2147~Fromm.Trasha-secrets@outlook.com
10957~Waylon~Howe~475~555-1808~Howe.Waylon-medal@hotmail.com
10958~Roselee~Rozek~850~555-0730~Rozek.Roselee-matched@outlook.com
10959~Umair~Mclain~801~555-1833~Mclain.Umair-ambient@yahoo.com
10960~Kailani~Ullery~246~555-0233~Ullery.Kailani-tradition@outlook.com
10961~Henrick~Neal~253~555-1147~Neal.Henrick-musical@hotmail.com
10962~Durwin~Maggard~423~555-3068~Maggard.Durwin-representations@gmail.com
10963~Jawaun~Trail~268~555-9021~Trail.Jawaun-i@hotmail.com
10964~Chyla~Crossland~839~555-6898~Crossland.Chyla-wound@outlook.com
10965~Dania~Mayor~825~555-4033~Mayor.Dania-nyc@yahoo.com
10966~Jacyln~Trimble~410~555-4591~Trimble.Jacyln-wendy@gmail.com
10967~Keala~Jellison~229~555-4163~Jellison.Keala-parade@yahoo.com
10968~Marrio~Shealy~616~555-0549~Shealy.Marrio-fe@gmail.com
10969~Tyreek~Oxley~268~555-9021~Oxley.Tyreek-mount@outlook.com
10970~Jolie~Mccrimmon~847~555-7786~Mccrimmon.Jolie-scotland@yahoo.com
10971~Shantil~Islas~931~555-5410~Islas.Shantil-involvement@icloud.com
10972~Shantrice~Arruda~336~555-1930~Arruda.Shantrice-vinyl@yahoo.com
10973~Jerold~Salter~352~555-5885~Salter.Jerold-mar@yahoo.com
10974~Aquilla~Irons~484~555-9047~Irons.Aquilla-lawsuit@icloud.com
10975~Seneca~Lawerence~403~555-0631~Lawerence.Seneca-rainbow@icloud.com
10976~Cindy~Frink~838~555-8824~Frink.Cindy-financing@yahoo.com
10977~Yohance~Rounds~539~555-5290~Rounds.Yohance-guru@hotmail.com
10978~Season~Shull~681~555-2059~Shull.Season-orientation@gmail.com
10979~Donya~Vallo~530~555-0849~Vallo.Donya-reception@hotmail.com
10980~Savanna~Elgin~817~555-2882~Elgin.Savanna-convenience@outlook.com
10981~Juanito~Renshaw~208~555-1714~Renshaw.Juanito-payday@yahoo.com
10982~Quintus~Healy~807~555-8515~Healy.Quintus-holdem@gmail.com
10983~Anibal~Fike~331~555-2516~Fike.Anibal-cole@icloud.com
10984~Robbyn~Preble~945~555-9724~Preble.Robbyn-membership@icloud.com
10985~Janeen~Ney~212~555-8747~Ney.Janeen-years@hotmail.com
10986~Mina~Norman~672~555-0901~Norman.Mina-out@icloud.com
10987~Kailey~Woolford~782~555-4610~Woolford.Kailey-babes@gmail.com
10988~Krysteen~Culler~564~555-1775~Culler.Krysteen-gap@hotmail.com
10989~Latiesha~Alderman~716~555-8154~Alderman.Latiesha-searching@outlook.com
10990~Devonda~Coggins~876~555-1823~Coggins.Devonda-shoppercom@outlook.com
10991~Jassica~Selleck~952~555-3471~Selleck.Jassica-program@hotmail.com
10992~Cristian~Ruppert~212~555-3363~Ruppert.Cristian-paperback@hotmail.com
10993~Rashidi~Agan~510~555-8530~Agan.Rashidi-controllers@gmail.com
10994~Chadd~Hunziker~715~555-9285~Hunziker.Chadd-pos@outlook.com
10995~Marrio~Cantor~770~555-3244~Cantor.Marrio-bali@yahoo.com
10996~Lizeth~Almodovar~548~555-4807~Almodovar.Lizeth-composition@gmail.com
10997~Beverlee~Barham~239~555-2228~Barham.Beverlee-k@outlook.com
10998~Keandrea~Donley~619~555-9814~Donley.Keandrea-spaces@icloud.com
10999~Kary~Remillard~661~555-9496~Remillard.Kary-ea@gmail.com
11000~Shone~Sundquist~464~555-1886~Sundquist.Shone-yards@gmail.com
